index,label,cluster,is_critical
0,AAR2,2,0
1,ABP1,2,0
2,ACC1,2,0
3,ACE2,2,0
4,ACF2,2,0
5,ACM1,2,0
6,ACT1,2,0
7,ADA2,2,0
8,ADD66,2,0
9,ADE16,2,0
10,ADR1,2,0
11,AFG2,1,1
12,AFT1,2,0
13,AHA1,2,0
14,AHC1,2,0
15,AHC2,2,0
16,AIM11,2,0
17,AIM21,1,1
18,AIM22,2,0
19,AIM3,2,0
20,AIM4,2,0
21,AIM44,2,0
22,AIP1,2,0
23,AIR1,2,0
24,AIR2,2,0
25,AKR1,2,0
26,ALB1,2,0
27,ALY1,1,1
28,ALY2,1,1
29,AME1,2,0
30,AMN1,2,0
31,AMS1,2,0
32,AOS1,1,1
33,APC1,1,1
34,APC11,1,1
35,APC2,2,0
36,APC4,2,0
37,APC5,2,0
38,APC9,2,0
39,APE1,2,0
40,APL5,2,0
41,APL6,2,0
42,APM3,2,0
43,APP1,1,1
44,ARC15,2,0
45,ARC18,1,1
46,ARC19,2,0
47,ARC35,2,0
48,ARC40,2,0
49,ARG80,2,0
50,ARG81,2,0
51,ARG82,2,0
52,ARH1,2,0
53,ARK1,2,0
54,ARP1,1,1
55,ARP10,2,0
56,ARP2,2,0
57,ARP3,2,0
58,ARP4,2,0
59,ARP5,2,0
60,ARP6,2,0
61,ARP7,1,1
62,ARP8,1,1
63,ARP9,1,1
64,ART10,2,0
65,ART5,2,0
66,ARX1,2,0
67,ASC1,2,0
68,ASF1,2,0
69,ASH1,2,0
70,ASK1,2,0
71,ASK10,2,0
72,ASM4,2,0
73,ASR1,2,0
74,ATG1,1,1
75,ATG10,2,0
76,ATG11,2,0
77,ATG12,2,0
78,ATG13,1,1
79,ATG16,2,0
80,ATG17,2,0
81,ATG18,2,0
82,ATG19,2,0
83,ATG2,2,0
84,ATG23,2,0
85,ATG27,2,0
86,ATG29,2,0
87,ATG3,2,0
88,ATG31,2,0
89,ATG32,2,0
90,ATG34,2,0
91,ATG36,2,0
92,ATG4,2,0
93,ATG5,2,0
94,ATG7,2,0
95,ATG8,2,0
96,ATG9,2,0
97,ATP25,1,1
98,ATS1,2,0
99,AVO1,2,0
100,AVO2,2,0
101,AXL1,2,0
102,BAS1,2,0
103,BBC1,2,0
104,BBP1,2,0
105,BCK1,2,0
106,BCY1,2,0
107,BDF1,2,0
108,BDF2,2,0
109,BDP1,1,1
110,BEM1,1,1
111,BEM3,1,1
112,BEM4,2,0
113,BET1,2,0
114,BET2,2,0
115,BET3,2,0
116,BET5,2,0
117,BFA1,1,1
118,BFR1,2,0
119,BFR2,1,1
120,BIK1,2,0
121,BIM1,2,0
122,BIR1,2,0
123,BIT61,2,0
124,BLM10,2,0
125,BMH1,2,0
126,BMH2,2,0
127,BMS1,2,0
128,BNI1,1,1
129,BNI4,2,0
130,BNI5,1,1
131,BNR1,2,0
132,BOI1,2,0
133,BOI2,2,0
134,BOS1,2,0
135,BRE1,2,0
136,BRE2,2,0
137,BRE5,2,0
138,BRF1,2,0
139,BRO1,2,0
140,BRR2,2,0
141,BRX1,1,1
142,BSD2,2,0
143,BSP1,2,0
144,BTT1,2,0
145,BUB1,2,0
146,BUB2,2,0
147,BUB3,2,0
148,BUD14,2,0
149,BUD20,2,0
150,BUD21,2,0
151,BUD23,2,0
152,BUD27,2,0
153,BUD3,1,1
154,BUD31,2,0
155,BUD32,1,1
156,BUD4,2,0
157,BUD6,2,0
158,BUL1,2,0
159,BUL2,1,1
160,BUR2,1,1
161,BUR6,1,1
162,BZZ1,2,0
163,CAB2,2,0
164,CAB3,2,0
165,CAB4,1,1
166,CAB5,2,0
167,CAC2,2,0
168,CAF130,2,0
169,CAF20,2,0
170,CAF4,2,0
171,CAF40,2,0
172,CAK1,2,0
173,CAP1,2,0
174,CAP2,2,0
175,CAT5,1,1
176,CBC2,2,0
177,CBF2,2,0
178,CBF5,2,0
179,CBK1,2,0
180,CBP1,2,0
181,CBP3,2,0
182,CCL1,1,1
183,CCP1,2,0
184,CCR4,2,0
185,CDC10,1,1
186,CDC11,2,0
187,CDC12,2,0
188,CDC123,1,1
189,CDC13,2,0
190,CDC14,2,0
191,CDC15,2,0
192,CDC16,1,1
193,CDC19,2,0
194,CDC20,2,0
195,CDC23,2,0
196,CDC24,2,0
197,CDC25,2,0
198,CDC26,2,0
199,CDC27,2,0
200,CDC28,2,0
201,CDC3,2,0
202,CDC31,2,0
203,CDC33,2,0
204,CDC34,2,0
205,CDC36,2,0
206,CDC37,2,0
207,CDC39,2,0
208,CDC4,2,0
209,CDC40,2,0
210,CDC42,2,0
211,CDC45,2,0
212,CDC48,2,0
213,CDC5,2,0
214,CDC50,2,0
215,CDC53,2,0
216,CDC55,2,0
217,CDC6,2,0
218,CDC60,2,0
219,CDC7,1,1
220,CDC73,2,0
221,CDC9,2,0
222,CDH1,2,0
223,CEF1,2,0
224,CEG1,1,1
225,CEP3,2,0
226,CET1,2,0
227,CEX1,1,1
228,CFT1,2,0
229,CFT2,2,0
230,CGI121,2,0
231,CGR1,2,0
232,CHC1,2,0
233,CHD1,2,0
234,CHK1,1,1
235,CHL1,2,0
236,CHL4,2,0
237,CHO1,2,0
238,CHS2,2,0
239,CHZ1,2,0
240,CIA1,2,0
241,CIA2,2,0
242,CIC1,2,0
243,CIK1,2,0
244,CKA1,2,0
245,CKA2,2,0
246,CKB1,2,0
247,CKB2,2,0
248,CKS1,1,1
249,CLA4,2,0
250,CLB2,2,0
251,CLB3,2,0
252,CLB5,2,0
253,CLC1,2,0
254,CLF1,2,0
255,CLN1,2,0
256,CLN2,2,0
257,CLN3,2,0
258,CLP1,2,0
259,CLU1,2,0
260,CMC1,2,0
261,CMC2,2,0
262,CMD1,2,0
263,CMK1,1,1
264,CMP2,2,0
265,CNA1,2,0
266,CNB1,2,0
267,CNM67,2,0
268,CNN1,1,1
269,CNS1,2,0
270,COA1,2,0
271,COA3,1,1
272,COA4,2,0
273,COA6,2,0
274,COB,1,1
275,COF1,2,0
276,COP1,2,0
277,COQ3,2,0
278,COQ4,2,0
279,COQ5,2,0
280,COQ6,2,0
281,COQ9,2,0
282,COR1,2,0
283,COX1,1,1
284,COX11,1,1
285,COX13,2,0
286,COX14,1,1
287,COX17,2,0
288,COX19,2,0
289,COX2,2,0
290,COX20,2,0
291,COX23,2,0
292,COX3,2,0
293,COX4,1,1
294,COX5A,1,1
295,COX6,2,0
296,COX8,2,0
297,CPR6,2,0
298,CPR7,2,0
299,CPS1,2,0
300,CRM1,2,0
301,CRN1,2,0
302,CRZ1,2,0
303,CSE1,2,0
304,CSE2,2,0
305,CSE4,2,0
306,CSI1,2,0
307,CSL4,2,0
308,CSM1,2,0
309,CSM2,1,1
310,CSM3,2,0
311,CSN9,2,0
312,CSR2,2,0
313,CTF13,2,0
314,CTF18,2,0
315,CTF19,2,0
316,CTF3,2,0
317,CTF4,2,0
318,CTF8,2,0
319,CTI6,2,0
320,CTK1,1,1
321,CTK2,2,0
322,CTK3,2,0
323,CTR9,2,0
324,CTS1,2,0
325,CUE1,2,0
326,CUE2,2,0
327,CUE5,2,0
328,CUP9,2,0
329,CUR1,2,0
330,CUS1,2,0
331,CUS2,1,1
332,CUZ1,2,0
333,CWC2,2,0
334,CWC21,2,0
335,CWC22,2,0
336,CWC23,2,0
337,CYC1,2,0
338,CYC8,2,0
339,CYK3,2,0
340,CYM1,2,0
341,CYR1,1,1
342,CYT1,2,0
343,DAD1,1,1
344,DAD2,2,0
345,DAD3,2,0
346,DAD4,2,0
347,DAM1,2,0
348,DAS1,2,0
349,DBF2,2,0
350,DBF4,2,0
351,DBP10,1,1
352,DBP2,2,0
353,DBP5,2,0
354,DBP6,2,0
355,DCC1,2,0
356,DCN1,2,0
357,DCP1,2,0
358,DCP2,2,0
359,DDC1,2,0
360,DDI1,2,0
361,DED1,2,0
362,DEF1,2,0
363,DEP1,2,0
364,DER1,2,0
365,DFM1,2,0
366,DHH1,1,1
367,DHR2,2,0
368,DIA1,1,1
369,DIA2,2,0
370,DIB1,2,0
371,DID2,2,0
372,DID4,2,0
373,DIG1,2,0
374,DIG2,2,0
375,DIM1,2,0
376,DIP2,2,0
377,DIS3,1,1
378,DLD2,2,0
379,DLS1,2,0
380,DMA1,2,0
381,DMC1,1,1
382,DNA2,2,0
383,DNL4,2,0
384,DNM1,2,0
385,DOA1,2,0
386,DOA4,2,0
387,DOC1,2,0
388,DOT1,2,0
389,DPB11,2,0
390,DPB2,2,0
391,DPB3,2,0
392,DPB4,2,0
393,DPH1,2,0
394,DPH2,1,1
395,DRS1,2,0
396,DRS2,2,0
397,DSC2,2,0
398,DSC3,2,0
399,DSE3,2,0
400,DSK2,2,0
401,DSL1,2,0
402,DSN1,2,0
403,DSS4,1,1
404,DST1,2,0
405,DUN1,2,0
406,DUO1,2,0
407,DYN1,2,0
408,DYN2,2,0
409,EAF1,2,0
410,EAF3,2,0
411,EAF5,2,0
412,EAF6,2,0
413,EAF7,2,0
414,EAP1,2,0
415,EAR1,2,0
416,EBP2,2,0
417,EBS1,2,0
418,ECM16,2,0
419,ECM2,2,0
420,ECM29,2,0
421,ECM30,2,0
422,ECM5,2,0
423,ECO1,2,0
424,EDC3,2,0
425,EDE1,2,0
426,EFT1,2,0
427,EFT2,2,0
428,ELA1,2,0
429,ELC1,2,0
430,ELF1,2,0
431,ELG1,2,0
432,ELP2,2,0
433,ELP3,2,0
434,ELP4,2,0
435,ELP6,2,0
436,EMG1,1,1
437,END3,2,0
438,ENP1,2,0
439,ENP2,2,0
440,ENT1,2,0
441,ENT3,2,0
442,ENT5,2,0
443,EPL1,2,0
444,EPO1,1,1
445,ERB1,2,0
446,ERV1,2,0
447,ESA1,2,0
448,ESC1,2,0
449,ESP1,2,0
450,ESS1,2,0
451,EST1,2,0
452,EST2,2,0
453,EST3,2,0
454,EXO1,2,0
455,EXO70,2,0
456,EXO84,2,0
457,FAF1,2,0
458,FAP7,2,0
459,FAR1,1,1
460,FAS1,1,1
461,FCP1,2,0
462,FES1,1,1
463,FHL1,2,0
464,FIN1,2,0
465,FIP1,2,0
466,FIR1,2,0
467,FIS1,2,0
468,FKH1,2,0
469,FKH2,2,0
470,FLX1,2,0
471,FMP10,2,0
472,FOB1,2,0
473,FPK1,2,0
474,FPR4,2,0
475,FPS1,1,1
476,FRA2,2,0
477,FRQ1,2,0
478,FUN12,2,0
479,FUN30,2,0
480,FUS1,2,0
481,FUS2,2,0
482,FUS3,2,0
483,FZO1,2,0
484,GAC1,2,0
485,GAL1,2,0
486,GAL11,2,0
487,GAL3,2,0
488,GAL4,2,0
489,GAL80,1,1
490,GAL83,2,0
491,GAR1,2,0
492,GBP2,2,0
493,GCD1,2,0
494,GCD11,1,1
495,GCD2,2,0
496,GCD6,2,0
497,GCD7,2,0
498,GCN3,2,0
499,GCN4,2,0
500,GCN5,1,1
501,GDI1,2,0
502,GET1,2,0
503,GET2,2,0
504,GET3,2,0
505,GET4,2,0
506,GFD1,2,0
507,GGA2,2,0
508,GIC1,2,0
509,GIC2,2,0
510,GIM3,2,0
511,GIM4,2,0
512,GIM5,2,0
513,GIN4,2,0
514,GIP1,1,1
515,GIP2,2,0
516,GIP3,2,0
517,GIS2,2,0
518,GLC7,2,0
519,GLC8,2,0
520,GLE1,2,0
521,GLE2,2,0
522,GLG2,2,0
523,GLN3,2,0
524,GON7,2,0
525,GOS1,1,1
526,GPA1,1,1
527,GPI14,1,1
528,GPN2,1,1
529,GRH1,1,1
530,GRR1,1,1
531,GRX3,2,0
532,GRX4,2,0
533,GRX5,2,0
534,GSP1,2,0
535,GSY2,2,0
536,GTR1,2,0
537,GTR2,2,0
538,GYL1,2,0
539,GYP5,2,0
540,HAS1,2,0
541,HAT1,2,0
542,HAT2,2,0
543,HCA4,2,0
544,HCH1,2,0
545,HCR1,2,0
546,HDA1,2,0
547,HDA2,2,0
548,HDA3,2,0
549,HED1,2,0
550,HEK2,2,0
551,HEM15,2,0
552,HER1,2,0
553,HFI1,2,0
554,HFM1,2,0
555,HGH1,2,0
556,HHF1,1,1
557,HHF2,2,0
558,HHO1,2,0
559,HHT1,2,0
560,HHT2,2,0
561,HIF1,2,0
562,HIR1,1,1
563,HIR2,1,1
564,HIR3,2,0
565,HIT1,1,1
566,HMG2,2,0
567,HMO1,2,0
568,HMT1,2,0
569,HOF1,1,1
570,HOG1,2,0
571,HOP1,2,0
572,HOS1,2,0
573,HOT1,2,0
574,HPR1,2,0
575,HRB1,2,0
576,HRD1,2,0
577,HRD3,2,0
578,HRP1,2,0
579,HRR25,2,0
580,HRT1,2,0
581,HRT3,2,0
582,HSC82,2,0
583,HSE1,2,0
584,HSF1,1,1
585,HSH155,2,0
586,HSH49,2,0
587,HSK3,2,0
588,HSL1,1,1
589,HSL7,2,0
590,HSM3,2,0
591,HSP10,2,0
592,HSP104,2,0
593,HSP60,2,0
594,HSP82,1,1
595,HST4,2,0
596,HTA1,2,0
597,HTA2,2,0
598,HTB1,2,0
599,HTB2,2,0
600,HTL1,2,0
601,HTZ1,1,1
602,HUB1,1,1
603,HXK2,1,1
604,IDS2,2,0
605,IES1,2,0
606,IES2,1,1
607,IES3,2,0
608,IES4,2,0
609,IES5,2,0
610,IES6,2,0
611,IFH1,2,0
612,IFM1,2,0
613,IGO1,2,0
614,IKI1,2,0
615,IKI3,2,0
616,IME1,2,0
617,IMG1,2,0
618,IML1,2,0
619,IML3,1,1
620,IMP3,2,0
621,IMP4,2,0
622,INA22,2,0
623,INN1,2,0
624,INO2,2,0
625,INO4,2,0
626,INO80,2,0
627,INP1,2,0
628,INP2,2,0
629,INP52,2,0
630,IOC2,2,0
631,IOC3,2,0
632,IOC4,2,0
633,IPI1,2,0
634,IPI3,2,0
635,IPL1,2,0
636,IQG1,1,1
637,IRE1,2,0
638,IRR1,2,0
639,ISA2,2,0
640,ISM1,2,0
641,IST1,2,0
642,ISW1,2,0
643,ISW2,2,0
644,ISY1,2,0
645,ITC1,2,0
646,IWR1,2,0
647,JNM1,2,0
648,KAE1,2,0
649,KAP104,2,0
650,KAP114,2,0
651,KAP120,2,0
652,KAP123,2,0
653,KAP95,2,0
654,KAR1,2,0
655,KAR2,2,0
656,KAR3,2,0
657,KAR9,1,1
658,KCC4,2,0
659,KDX1,2,0
660,KEL1,2,0
661,KEL2,1,1
662,KIN2,2,0
663,KIN28,2,0
664,KIN4,2,0
665,KIP2,2,0
666,KIP3,2,0
667,KOG1,2,0
668,KRE28,2,0
669,KRE29,1,1
670,KRE33,2,0
671,KRI1,1,1
672,KRR1,2,0
673,KSS1,2,0
674,KTI11,1,1
675,KTI12,2,0
676,LAG2,2,0
677,LAS17,2,0
678,LCD1,2,0
679,LDB18,2,0
680,LDB19,2,0
681,LEA1,1,1
682,LEO1,2,0
683,LGE1,2,0
684,LHS1,2,0
685,LIF1,1,1
686,LIN1,2,0
687,LOC1,2,0
688,LOS1,2,0
689,LRE1,2,0
690,LRG1,1,1
691,LRP1,2,0
692,LRS4,2,0
693,LSB1,2,0
694,LSB3,2,0
695,LSB5,2,0
696,LSG1,1,1
697,LSM1,2,0
698,LSM12,2,0
699,LSM2,2,0
700,LSM3,2,0
701,LSM4,2,0
702,LSM5,2,0
703,LSM6,2,0
704,LSM7,1,1
705,LSM8,2,0
706,LST8,2,0
707,LTE1,2,0
708,LTV1,2,0
709,LUC7,2,0
710,MAC1,2,0
711,MAD1,2,0
712,MAD2,2,0
713,MAD3,2,0
714,MAF1,2,0
715,MAK21,2,0
716,MAK5,2,0
717,MAM1,2,0
718,MBA1,1,1
719,MBP1,2,0
720,MCD1,2,0
721,MCK1,2,0
722,MCM1,2,0
723,MCM10,2,0
724,MCM16,1,1
725,MCM2,2,0
726,MCM21,1,1
727,MCM22,2,0
728,MCM3,2,0
729,MCM4,2,0
730,MCM5,1,1
731,MCM6,2,0
732,MCM7,2,0
733,MDH3,2,0
734,MDJ1,2,0
735,MDM10,2,0
736,MDM12,2,0
737,MDM30,2,0
738,MDM34,2,0
739,MDM35,2,0
740,MDM36,1,1
741,MDM38,2,0
742,MDN1,2,0
743,MDV1,2,0
744,MDY2,2,0
745,MEC1,2,0
746,MEC3,2,0
747,MED1,2,0
748,MED11,1,1
749,MED2,2,0
750,MED4,1,1
751,MED6,2,0
752,MED7,2,0
753,MED8,2,0
754,MEF1,2,0
755,MEH1,2,0
756,MEI5,1,1
757,MEK1,2,0
758,MET17,2,0
759,MET18,2,0
760,MET28,2,0
761,MET30,2,0
762,MET4,2,0
763,MEX67,2,0
764,MFA2,2,0
765,MFB1,2,0
766,MFT1,2,0
767,MGA2,2,0
768,MGE1,2,0
769,MGM1,2,0
770,MGM101,2,0
771,MGR2,1,1
772,MHF1,1,1
773,MHF2,2,0
774,MHP1,2,0
775,MIA40,2,0
776,MIC10,2,0
777,MIC12,2,0
778,MIC19,2,0
779,MIC26,2,0
780,MIC27,2,0
781,MIC60,2,0
782,MIF2,2,0
783,MIG1,2,0
784,MIX14,1,1
785,MIX23,2,0
786,MKK1,2,0
787,MKK2,2,0
788,MKS1,2,0
789,MLC1,2,0
790,MLC2,1,1
791,MLH1,2,0
792,MLH2,2,0
793,MLH3,2,0
794,MLP1,2,0
795,MLP2,2,0
796,MMM1,2,0
797,MMR1,2,0
798,MMS1,2,0
799,MMS2,2,0
800,MMS21,2,0
801,MMS22,2,0
802,MMS4,2,0
803,MND2,2,0
804,MNP1,2,0
805,MOB1,2,0
806,MOB2,2,0
807,MOG1,2,0
808,MOT1,2,0
809,MOT2,2,0
810,MOT3,2,0
811,MPE1,2,0
812,MPH1,2,0
813,MPP10,2,0
814,MPP6,2,0
815,MPS1,1,1
816,MPS2,2,0
817,MPS3,2,0
818,MPT5,2,0
819,MRC1,2,0
820,MRE11,2,0
821,MRP13,2,0
822,MRP2,1,1
823,MRP20,2,0
824,MRP21,2,0
825,MRP4,1,1
826,MRP49,2,0
827,MRP51,2,0
828,MRP7,2,0
829,MRPL1,2,0
830,MRPL16,2,0
831,MRPL17,2,0
832,MRPL19,2,0
833,MRPL20,2,0
834,MRPL22,2,0
835,MRPL23,1,1
836,MRPL24,2,0
837,MRPL25,2,0
838,MRPL27,2,0
839,MRPL28,2,0
840,MRPL3,2,0
841,MRPL35,2,0
842,MRPL4,2,0
843,MRPL40,2,0
844,MRPL44,2,0
845,MRPL6,2,0
846,MRPL7,2,0
847,MRPL8,2,0
848,MRPS17,2,0
849,MRPS18,2,0
850,MRPS28,2,0
851,MRPS35,1,1
852,MRPS5,2,0
853,MRPS9,2,0
854,MRS2,2,0
855,MRS6,2,0
856,MRT4,2,0
857,MSA1,2,0
858,MSB2,2,0
859,MSB3,2,0
860,MSC6,2,0
861,MSD1,2,0
862,MSF1,2,0
863,MSG5,2,0
864,MSH2,2,0
865,MSH3,2,0
866,MSH6,2,0
867,MSI1,2,0
868,MSL1,2,0
869,MSL5,2,0
870,MSM1,2,0
871,MSN5,2,0
872,MSO1,2,0
873,MSS116,2,0
874,MSS2,2,0
875,MSS51,2,0
876,MTC5,2,0
877,MTF1,2,0
878,MTH1,2,0
879,MTO1,2,0
880,MTQ2,2,0
881,MTR10,2,0
882,MTR2,2,0
883,MTR3,2,0
884,MTR4,2,0
885,MTW1,2,0
886,MUD1,1,1
887,MUD2,2,0
888,MUK1,2,0
889,MUS81,2,0
890,MVB12,2,0
891,MYO1,2,0
892,MYO2,2,0
893,MYO3,2,0
894,MYO4,2,0
895,MYO5,2,0
896,MZM1,2,0
897,NAB2,2,0
898,NAB3,2,0
899,NAF1,2,0
900,NAM7,2,0
901,NAM8,2,0
902,NAM9,2,0
903,NAN1,2,0
904,NAP1,1,1
905,NAS2,2,0
906,NAS6,1,1
907,NBA1,2,0
908,NBL1,2,0
909,NBP1,2,0
910,NBP2,1,1
911,NCB2,2,0
912,NCE101,2,0
913,NCP1,2,0
914,NDC1,2,0
915,NDC80,2,0
916,NDD1,2,0
917,NDJ1,2,0
918,NDL1,2,0
919,NEJ1,2,0
920,NEM1,2,0
921,NET1,2,0
922,NFI1,2,0
923,NGG1,2,0
924,NGR1,2,0
925,NHP10,2,0
926,NHP2,1,1
927,NIC96,2,0
928,NIP1,2,0
929,NIP100,2,0
930,NIP7,2,0
931,NIS1,2,0
932,NKP1,1,1
933,NKP2,2,0
934,NMD2,2,0
935,NMD3,2,0
936,NMD4,2,0
937,NNF1,2,0
938,NOB1,1,1
939,NOC2,2,0
940,NOC3,1,1
941,NOC4,2,0
942,NOG1,2,0
943,NOG2,2,0
944,NOP1,2,0
945,NOP10,2,0
946,NOP12,2,0
947,NOP14,2,0
948,NOP15,2,0
949,NOP19,2,0
950,NOP2,2,0
951,NOP4,2,0
952,NOP53,2,0
953,NOP56,2,0
954,NOP58,2,0
955,NOP7,1,1
956,NOP8,2,0
957,NOT3,2,0
958,NOT5,2,0
959,NPA3,2,0
960,NPL3,2,0
961,NPL4,2,0
962,NPL6,2,0
963,NPR2,2,0
964,NPR3,2,0
965,NRD1,2,0
966,NRM1,1,1
967,NSA1,2,0
968,NSA2,1,1
969,NSE1,2,0
970,NSE3,2,0
971,NSE4,2,0
972,NSE5,2,0
973,NSG1,2,0
974,NSI1,1,1
975,NSL1,2,0
976,NSP1,2,0
977,NTC20,2,0
978,NTG2,2,0
979,NTH1,2,0
980,NTR2,2,0
981,NUF2,2,0
982,NUG1,2,0
983,NUM1,2,0
984,NUP1,1,1
985,NUP100,2,0
986,NUP116,2,0
987,NUP120,2,0
988,NUP133,2,0
989,NUP145,2,0
990,NUP157,1,1
991,NUP159,2,0
992,NUP170,2,0
993,NUP188,1,1
994,NUP192,2,0
995,NUP2,2,0
996,NUP42,1,1
997,NUP49,2,0
998,NUP53,2,0
999,NUP57,2,0
1000,NUP60,2,0
1001,NUP82,1,1
1002,NUP84,2,0
1003,NUP85,2,0
1004,NUR1,2,0
1005,NUT1,2,0
1006,NUT2,2,0
1007,NVJ1,2,0
1008,NYV1,1,1
1009,OKP1,2,0
1010,OM45,2,0
1011,OMS1,2,0
1012,OPI1,2,0
1013,OPY2,2,0
1014,ORC1,2,0
1015,ORC2,2,0
1016,ORC3,2,0
1017,ORC4,2,0
1018,ORC5,2,0
1019,ORC6,2,0
1020,OSH2,1,1
1021,OTU1,2,0
1022,PAA1,1,1
1023,PAB1,1,1
1024,PAC1,2,0
1025,PAC10,2,0
1026,PAC11,2,0
1027,PAC2,2,0
1028,PAF1,2,0
1029,PAH1,2,0
1030,PAM16,2,0
1031,PAM17,2,0
1032,PAM18,2,0
1033,PAN1,2,0
1034,PAP1,2,0
1035,PAP2,2,0
1036,PAT1,2,0
1037,PBA1,2,0
1038,PBP1,2,0
1039,PBP4,2,0
1040,PBS2,1,1
1041,PCF11,2,0
1042,PCI8,2,0
1043,PCL1,2,0
1044,PCL10,2,0
1045,PCL2,2,0
1046,PCL5,2,0
1047,PCL6,2,0
1048,PCL7,2,0
1049,PCL8,2,0
1050,PCL9,2,0
1051,PDP3,2,0
1052,PDR1,2,0
1053,PDS1,2,0
1054,PDS5,2,0
1055,PEA2,2,0
1056,PEP3,1,1
1057,PEP5,2,0
1058,PEP7,2,0
1059,PEP8,2,0
1060,PET100,1,1
1061,PET117,1,1
1062,PET123,1,1
1063,PET309,2,0
1064,PET9,2,0
1065,PEX1,2,0
1066,PEX10,2,0
1067,PEX11,2,0
1068,PEX12,2,0
1069,PEX13,2,0
1070,PEX14,2,0
1071,PEX15,2,0
1072,PEX17,2,0
1073,PEX18,1,1
1074,PEX19,1,1
1075,PEX2,2,0
1076,PEX21,2,0
1077,PEX3,2,0
1078,PEX5,2,0
1079,PEX6,2,0
1080,PEX7,1,1
1081,PEX8,2,0
1082,PFA3,2,0
1083,PFK27,2,0
1084,PFS1,1,1
1085,PFS2,2,0
1086,PFY1,1,1
1087,PGD1,2,0
1088,PHB1,1,1
1089,PHB2,1,1
1090,PHO2,1,1
1091,PHO23,2,0
1092,PHO4,1,1
1093,PHO80,2,0
1094,PHO81,2,0
1095,PHO85,1,1
1096,PIB2,1,1
1097,PIH1,2,0
1098,PIK1,2,0
1099,PIN3,2,0
1100,PKC1,1,1
1101,PMS1,2,0
1102,PNG1,2,0
1103,PNO1,2,0
1104,POA1,2,0
1105,POB3,2,0
1106,POL1,2,0
1107,POL12,2,0
1108,POL2,2,0
1109,POL3,1,1
1110,POL30,2,0
1111,POL31,2,0
1112,POL32,1,1
1113,POM152,2,0
1114,POM34,2,0
1115,POP2,2,0
1116,POR1,1,1
1117,POT1,1,1
1118,PPH21,2,0
1119,PPH22,2,0
1120,PPH3,1,1
1121,PPT1,1,1
1122,PPZ1,2,0
1123,PRC1,2,0
1124,PRE1,2,0
1125,PRE10,2,0
1126,PRE2,2,0
1127,PRE3,2,0
1128,PRE4,2,0
1129,PRE5,1,1
1130,PRE6,2,0
1131,PRE7,1,1
1132,PRE8,2,0
1133,PRE9,1,1
1134,PRI1,2,0
1135,PRI2,2,0
1136,PRK1,2,0
1137,PRP11,1,1
1138,PRP16,2,0
1139,PRP19,2,0
1140,PRP2,2,0
1141,PRP21,2,0
1142,PRP22,2,0
1143,PRP24,2,0
1144,PRP3,2,0
1145,PRP31,2,0
1146,PRP38,1,1
1147,PRP39,2,0
1148,PRP4,2,0
1149,PRP40,1,1
1150,PRP42,2,0
1151,PRP43,2,0
1152,PRP45,2,0
1153,PRP46,2,0
1154,PRP5,2,0
1155,PRP6,2,0
1156,PRP8,2,0
1157,PRP9,2,0
1158,PRT1,2,0
1159,PSE1,2,0
1160,PSF1,2,0
1161,PSF2,1,1
1162,PSF3,2,0
1163,PSH1,2,0
1164,PSY2,2,0
1165,PSY3,1,1
1166,PSY4,2,0
1167,PTA1,2,0
1168,PTC1,2,0
1169,PTC2,2,0
1170,PTC3,2,0
1171,PTC4,2,0
1172,PTH2,2,0
1173,PTI1,1,1
1174,PTP2,2,0
1175,PTP3,2,0
1176,PUB1,2,0
1177,PUF3,1,1
1178,PUF6,2,0
1179,PUP1,2,0
1180,PUP2,2,0
1181,PUP3,2,0
1182,PWP1,2,0
1183,PWP2,2,0
1184,PXR1,2,0
1185,QCR2,2,0
1186,QCR8,2,0
1187,RAD1,2,0
1188,RAD10,2,0
1189,RAD14,2,0
1190,RAD16,1,1
1191,RAD17,2,0
1192,RAD18,1,1
1193,RAD2,2,0
1194,RAD23,1,1
1195,RAD24,2,0
1196,RAD27,1,1
1197,RAD3,2,0
1198,RAD30,2,0
1199,RAD4,2,0
1200,RAD5,2,0
1201,RAD50,2,0
1202,RAD51,2,0
1203,RAD52,2,0
1204,RAD53,1,1
1205,RAD54,2,0
1206,RAD55,2,0
1207,RAD57,2,0
1208,RAD59,2,0
1209,RAD6,2,0
1210,RAD61,1,1
1211,RAD7,2,0
1212,RAD9,2,0
1213,RAP1,2,0
1214,RAS2,2,0
1215,RAV1,2,0
1216,RAV2,2,0
1217,RBL2,2,0
1218,RCF1,2,0
1219,RCF2,2,0
1220,RCK2,2,0
1221,RCL1,2,0
1222,RCN1,2,0
1223,RCO1,2,0
1224,RCR1,2,0
1225,RCY1,2,0
1226,RDH54,2,0
1227,RDI1,2,0
1228,REC102,2,0
1229,REC104,2,0
1230,REC107,2,0
1231,REC8,2,0
1232,RED1,2,0
1233,REF2,2,0
1234,REG1,2,0
1235,REG2,2,0
1236,REI1,2,0
1237,RET1,2,0
1238,RET2,2,0
1239,RET3,1,1
1240,REV1,2,0
1241,REV3,2,0
1242,REV7,2,0
1243,RFA1,2,0
1244,RFA2,2,0
1245,RFA3,2,0
1246,RFC1,2,0
1247,RFC2,2,0
1248,RFC3,2,0
1249,RFC4,2,0
1250,RFC5,2,0
1251,RFU1,2,0
1252,RGA1,1,1
1253,RGA2,1,1
1254,RGC1,2,0
1255,RGR1,2,0
1256,RGT1,2,0
1257,RHO1,2,0
1258,RHO3,2,0
1259,RIF1,2,0
1260,RIF2,2,0
1261,RIM11,1,1
1262,RIM15,2,0
1263,RIM20,2,0
1264,RIM8,2,0
1265,RIO1,2,0
1266,RIO2,2,0
1267,RIP1,2,0
1268,RIX1,1,1
1269,RLF2,2,0
1270,RLI1,2,0
1271,RLM1,2,0
1272,RLP24,2,0
1273,RLP7,2,0
1274,RMD9,2,0
1275,RMI1,1,1
1276,RNA14,2,0
1277,RNA15,2,0
1278,RNQ1,2,0
1279,RNR1,2,0
1280,RNR2,2,0
1281,RNR4,2,0
1282,ROD1,2,0
1283,ROG3,2,0
1284,ROK1,2,0
1285,ROX3,2,0
1286,ROY1,2,0
1287,RPA12,2,0
1288,RPA135,2,0
1289,RPA14,2,0
1290,RPA190,2,0
1291,RPA34,2,0
1292,RPA43,2,0
1293,RPA49,2,0
1294,RPB10,2,0
1295,RPB11,2,0
1296,RPB2,2,0
1297,RPB3,2,0
1298,RPB4,2,0
1299,RPB5,2,0
1300,RPB7,2,0
1301,RPB8,2,0
1302,RPB9,2,0
1303,RPC10,2,0
1304,RPC11,2,0
1305,RPC17,2,0
1306,RPC19,2,0
1307,RPC25,2,0
1308,RPC31,2,0
1309,RPC34,2,0
1310,RPC37,2,0
1311,RPC40,2,0
1312,RPC53,2,0
1313,RPC82,1,1
1314,RPD3,2,0
1315,RPF1,2,0
1316,RPF2,2,0
1317,RPG1,1,1
1318,RPL10,2,0
1319,RPL11A,2,0
1320,RPL11B,1,1
1321,RPL16A,2,0
1322,RPL17A,1,1
1323,RPL25,2,0
1324,RPL3,2,0
1325,RPL33B,2,0
1326,RPL35A,2,0
1327,RPL35B,2,0
1328,RPL5,2,0
1329,RPL6B,1,1
1330,RPL8A,1,1
1331,RPL8B,2,0
1332,RPM2,2,0
1333,RPN1,2,0
1334,RPN10,2,0
1335,RPN11,2,0
1336,RPN12,1,1
1337,RPN13,2,0
1338,RPN14,2,0
1339,RPN2,2,0
1340,RPN3,2,0
1341,RPN4,2,0
1342,RPN5,2,0
1343,RPN6,2,0
1344,RPN7,1,1
1345,RPN8,2,0
1346,RPN9,2,0
1347,RPO21,2,0
1348,RPO26,2,0
1349,RPO31,2,0
1350,RPO41,1,1
1351,RPP0,1,1
1352,RPP1A,1,1
1353,RPP1B,1,1
1354,RPP2A,2,0
1355,RPP2B,2,0
1356,RPS0A,2,0
1357,RPS11A,1,1
1358,RPS11B,2,0
1359,RPS13,2,0
1360,RPS14A,2,0
1361,RPS15,2,0
1362,RPS17A,2,0
1363,RPS17B,1,1
1364,RPS18A,2,0
1365,RPS1B,2,0
1366,RPS21A,2,0
1367,RPS26A,2,0
1368,RPS26B,1,1
1369,RPS27A,2,0
1370,RPS28A,2,0
1371,RPS3,2,0
1372,RPS4A,2,0
1373,RPS5,1,1
1374,RPS7A,2,0
1375,RPS7B,2,0
1376,RPS8A,2,0
1377,RPS9A,2,0
1378,RPS9B,2,0
1379,RPT1,2,0
1380,RPT2,2,0
1381,RPT3,1,1
1382,RPT4,2,0
1383,RPT5,2,0
1384,RPT6,2,0
1385,RRD1,2,0
1386,RRD2,2,0
1387,RRI1,1,1
1388,RRI2,2,0
1389,RRM3,2,0
1390,RRN10,2,0
1391,RRN3,1,1
1392,RRN5,2,0
1393,RRN9,2,0
1394,RRP1,2,0
1395,RRP12,2,0
1396,RRP14,2,0
1397,RRP15,1,1
1398,RRP4,2,0
1399,RRP40,1,1
1400,RRP42,2,0
1401,RRP43,2,0
1402,RRP45,2,0
1403,RRP46,2,0
1404,RRP5,2,0
1405,RRP6,2,0
1406,RRP7,2,0
1407,RRP9,2,0
1408,RRS1,2,0
1409,RSA1,2,0
1410,RSA3,2,0
1411,RSA4,1,1
1412,RSC1,2,0
1413,RSC2,2,0
1414,RSC3,2,0
1415,RSC30,2,0
1416,RSC4,2,0
1417,RSC58,2,0
1418,RSC6,2,0
1419,RSC8,2,0
1420,RSC9,2,0
1421,RSE1,2,0
1422,RSM10,1,1
1423,RSM18,2,0
1424,RSM19,2,0
1425,RSM22,2,0
1426,RSM23,1,1
1427,RSM24,2,0
1428,RSM25,2,0
1429,RSM26,2,0
1430,RSM28,2,0
1431,RSM7,2,0
1432,RSP5,2,0
1433,RSR1,2,0
1434,RTC1,2,0
1435,RTC6,2,0
1436,RTF1,2,0
1437,RTG2,2,0
1438,RTR1,2,0
1439,RTS1,2,0
1440,RTS3,2,0
1441,RTT101,2,0
1442,RTT102,1,1
1443,RTT103,2,0
1444,RTT106,2,0
1445,RTT107,2,0
1446,RTT109,2,0
1447,RUP1,2,0
1448,RVB1,2,0
1449,RVB2,2,0
1450,RVS161,1,1
1451,RVS167,2,0
1452,RXT2,1,1
1453,RXT3,2,0
1454,SAC3,2,0
1455,SAC6,2,0
1456,SAC7,2,0
1457,SAE2,2,0
1458,SAE3,2,0
1459,SAF1,2,0
1460,SAK1,2,0
1461,SAM1,2,0
1462,SAM2,2,0
1463,SAM35,2,0
1464,SAM37,1,1
1465,SAM50,2,0
1466,SAP155,2,0
1467,SAP185,2,0
1468,SAP190,2,0
1469,SAP30,1,1
1470,SAR1,2,0
1471,SAS10,2,0
1472,SAS3,2,0
1473,SAW1,2,0
1474,SBA1,2,0
1475,SBH1,2,0
1476,SBP1,2,0
1477,SCC2,2,0
1478,SCC4,2,0
1479,SCD5,2,0
1480,SCD6,2,0
1481,SCH9,2,0
1482,SCL1,2,0
1483,SCM3,2,0
1484,SCP1,2,0
1485,SCP160,2,0
1486,SCS2,2,0
1487,SDA1,2,0
1488,SDC1,2,0
1489,SDP1,2,0
1490,SDS22,2,0
1491,SDS3,2,0
1492,SEA4,2,0
1493,SEC1,2,0
1494,SEC10,2,0
1495,SEC13,2,0
1496,SEC15,2,0
1497,SEC16,2,0
1498,SEC17,2,0
1499,SEC2,2,0
1500,SEC20,2,0
1501,SEC21,2,0
1502,SEC22,2,0
1503,SEC23,2,0
1504,SEC24,2,0
1505,SEC26,1,1
1506,SEC27,1,1
1507,SEC28,2,0
1508,SEC3,2,0
1509,SEC31,2,0
1510,SEC39,1,1
1511,SEC4,1,1
1512,SEC5,2,0
1513,SEC6,2,0
1514,SEC61,2,0
1515,SEC62,2,0
1516,SEC63,2,0
1517,SEC66,2,0
1518,SEC7,2,0
1519,SEC72,2,0
1520,SEC8,2,0
1521,SEC9,1,1
1522,SED5,2,0
1523,SEH1,2,0
1524,SEM1,2,0
1525,SEN1,2,0
1526,SES1,2,0
1527,SET1,2,0
1528,SET2,2,0
1529,SFB2,2,0
1530,SFB3,2,0
1531,SFH1,2,0
1532,SFI1,2,0
1533,SFP1,2,0
1534,SFT1,2,0
1535,SGF11,2,0
1536,SGF29,2,0
1537,SGF73,2,0
1538,SGM1,2,0
1539,SGO1,2,0
1540,SGS1,2,0
1541,SGT1,2,0
1542,SGT2,2,0
1543,SGV1,2,0
1544,SHE2,1,1
1545,SHE3,2,0
1546,SHE4,2,0
1547,SHG1,2,0
1548,SHO1,2,0
1549,SHP1,2,0
1550,SHQ1,2,0
1551,SHS1,2,0
1552,SHU1,1,1
1553,SHU2,2,0
1554,SHY1,2,0
1555,SIC1,2,0
1556,SIL1,2,0
1557,SIN3,2,0
1558,SIN4,2,0
1559,SIP1,2,0
1560,SIP2,2,0
1561,SIP4,1,1
1562,SIR1,2,0
1563,SIR2,1,1
1564,SIR3,2,0
1565,SIR4,2,0
1566,SIS1,1,1
1567,SIS2,1,1
1568,SIT4,2,0
1569,SIZ1,2,0
1570,SKI2,2,0
1571,SKI3,1,1
1572,SKI6,2,0
1573,SKI7,2,0
1574,SKI8,2,0
1575,SKN7,2,0
1576,SKO1,2,0
1577,SKP1,2,0
1578,SKP2,2,0
1579,SKY1,2,0
1580,SLA1,1,1
1581,SLA2,2,0
1582,SLD2,2,0
1583,SLD3,2,0
1584,SLD5,1,1
1585,SLD7,2,0
1586,SLI15,2,0
1587,SLM1,2,0
1588,SLM4,2,0
1589,SLN1,2,0
1590,SLT2,2,0
1591,SLX1,2,0
1592,SLX4,2,0
1593,SLX5,2,0
1594,SLX8,2,0
1595,SLX9,2,0
1596,SLY1,1,1
1597,SMB1,2,0
1598,SMC1,2,0
1599,SMC3,2,0
1600,SMC5,2,0
1601,SMC6,2,0
1602,SMD1,2,0
1603,SMD2,2,0
1604,SMD3,2,0
1605,SMI1,2,0
1606,SML1,2,0
1607,SMT3,2,0
1608,SMX2,2,0
1609,SMX3,1,1
1610,SMY1,2,0
1611,SNA3,2,0
1612,SNA4,2,0
1613,SNC1,2,0
1614,SNC2,2,0
1615,SNF1,2,0
1616,SNF11,2,0
1617,SNF12,2,0
1618,SNF2,2,0
1619,SNF4,2,0
1620,SNF5,2,0
1621,SNF6,2,0
1622,SNF7,2,0
1623,SNF8,1,1
1624,SNP1,2,0
1625,SNT2,2,0
1626,SNT309,2,0
1627,SNU114,2,0
1628,SNU13,2,0
1629,SNU23,2,0
1630,SNU56,2,0
1631,SNU66,2,0
1632,SNU71,2,0
1633,SOF1,2,0
1634,SOH1,2,0
1635,SPA2,2,0
1636,SPB1,2,0
1637,SPB4,2,0
1638,SPC105,2,0
1639,SPC110,2,0
1640,SPC19,2,0
1641,SPC24,1,1
1642,SPC25,2,0
1643,SPC29,1,1
1644,SPC34,2,0
1645,SPC42,2,0
1646,SPC72,1,1
1647,SPC97,2,0
1648,SPC98,2,0
1649,SPN1,2,0
1650,SPO11,1,1
1651,SPO20,2,0
1652,SPP1,2,0
1653,SPP2,2,0
1654,SPP381,2,0
1655,SPP382,1,1
1656,SPT15,2,0
1657,SPT16,2,0
1658,SPT2,2,0
1659,SPT20,2,0
1660,SPT23,2,0
1661,SPT3,2,0
1662,SPT4,1,1
1663,SPT5,2,0
1664,SPT6,2,0
1665,SPT7,2,0
1666,SPT8,1,1
1667,SQS1,2,0
1668,SQT1,2,0
1669,SRB2,2,0
1670,SRB4,2,0
1671,SRB5,2,0
1672,SRB6,1,1
1673,SRB7,2,0
1674,SRC1,2,0
1675,SRL3,2,0
1676,SRM1,2,0
1677,SRN2,2,0
1678,SRO7,1,1
1679,SRO9,2,0
1680,SRP1,2,0
1681,SRS2,2,0
1682,SRV2,2,0
1683,SSA1,2,0
1684,SSA2,2,0
1685,SSB1,2,0
1686,SSB2,2,0
1687,SSC1,1,1
1688,SSD1,2,0
1689,SSE1,2,0
1690,SSE2,2,0
1691,SSF1,2,0
1692,SSF2,2,0
1693,SSK1,2,0
1694,SSK2,2,0
1695,SSL1,2,0
1696,SSL2,2,0
1697,SSM4,2,0
1698,SSN2,2,0
1699,SSN3,2,0
1700,SSN8,2,0
1701,SSO1,1,1
1702,SSO2,2,0
1703,SSQ1,2,0
1704,SSS1,2,0
1705,SST2,1,1
1706,SSU72,2,0
1707,SSZ1,2,0
1708,STB1,2,0
1709,STD1,2,0
1710,STE11,1,1
1711,STE12,1,1
1712,STE18,2,0
1713,STE2,2,0
1714,STE20,1,1
1715,STE4,2,0
1716,STE5,1,1
1717,STE50,2,0
1718,STE7,2,0
1719,STH1,1,1
1720,STI1,2,0
1721,STN1,2,0
1722,STO1,2,0
1723,STP22,2,0
1724,STS1,2,0
1725,STU1,2,0
1726,STU2,2,0
1727,SUA7,2,0
1728,SUB2,2,0
1729,SUI1,2,0
1730,SUI2,2,0
1731,SUI3,1,1
1732,SUP35,2,0
1733,SUP45,2,0
1734,SUS1,2,0
1735,SWA2,2,0
1736,SWC3,2,0
1737,SWC4,1,1
1738,SWC5,2,0
1739,SWC7,1,1
1740,SWD1,2,0
1741,SWD2,2,0
1742,SWD3,2,0
1743,SWE1,2,0
1744,SWH1,2,0
1745,SWI1,2,0
1746,SWI3,2,0
1747,SWI4,2,0
1748,SWI5,1,1
1749,SWI6,1,1
1750,SWM1,2,0
1751,SWP82,2,0
1752,SWR1,2,0
1753,SYC1,2,0
1754,SYF1,2,0
1755,SYF2,2,0
1756,SYO1,2,0
1757,SYP1,2,0
1758,TAF1,2,0
1759,TAF10,2,0
1760,TAF11,2,0
1761,TAF12,2,0
1762,TAF13,2,0
1763,TAF14,2,0
1764,TAF2,1,1
1765,TAF3,1,1
1766,TAF4,2,0
1767,TAF5,2,0
1768,TAF6,2,0
1769,TAF7,2,0
1770,TAF8,2,0
1771,TAF9,2,0
1772,TAH1,2,0
1773,TAH11,2,0
1774,TAO3,2,0
1775,TAP42,2,0
1776,TAZ1,2,0
1777,TCA17,2,0
1778,TCO89,2,0
1779,TDA1,2,0
1780,TDA2,2,0
1781,TDH3,2,0
1782,TEC1,2,0
1783,TEL1,1,1
1784,TEL2,2,0
1785,TEM1,2,0
1786,TEN1,2,0
1787,TEX1,2,0
1788,TFA1,1,1
1789,TFA2,2,0
1790,TFB1,2,0
1791,TFB2,2,0
1792,TFB3,2,0
1793,TFB4,1,1
1794,TFB5,2,0
1795,TFC1,2,0
1796,TFC3,2,0
1797,TFC4,2,0
1798,TFC6,2,0
1799,TFC7,2,0
1800,TFC8,1,1
1801,TFG1,1,1
1802,TFG2,2,0
1803,THO2,2,0
1804,THP1,2,0
1805,THP2,2,0
1806,TIF1,2,0
1807,TIF11,2,0
1808,TIF2,2,0
1809,TIF34,2,0
1810,TIF35,2,0
1811,TIF4631,2,0
1812,TIF4632,2,0
1813,TIF5,2,0
1814,TIF6,2,0
1815,TIM10,2,0
1816,TIM13,2,0
1817,TIM17,2,0
1818,TIM18,2,0
1819,TIM21,2,0
1820,TIM22,2,0
1821,TIM23,2,0
1822,TIM44,2,0
1823,TIM50,2,0
1824,TIM54,2,0
1825,TIM8,1,1
1826,TIM9,1,1
1827,TIP20,2,0
1828,TLC1,1,1
1829,TLG1,2,0
1830,TLG2,2,0
1831,TOA1,1,1
1832,TOA2,2,0
1833,TOF1,2,0
1834,TOF2,2,0
1835,TOM20,2,0
1836,TOM22,2,0
1837,TOM40,2,0
1838,TOM5,2,0
1839,TOM7,2,0
1840,TOM70,2,0
1841,TOP3,2,0
1842,TOR1,1,1
1843,TOR2,2,0
1844,TPD3,1,1
1845,TPK1,2,0
1846,TPK2,1,1
1847,TPK3,1,1
1848,TRA1,2,0
1849,TRF5,2,0
1850,TRM11,2,0
1851,TRM112,2,0
1852,TRM9,2,0
1853,TRS120,2,0
1854,TRS130,2,0
1855,TRS20,2,0
1856,TRS23,2,0
1857,TRS31,2,0
1858,TRS33,2,0
1859,TRS65,2,0
1860,TRS85,2,0
1861,TSC11,2,0
1862,TSR1,1,1
1863,TSR2,2,0
1864,TUB1,2,0
1865,TUB2,2,0
1866,TUB4,2,0
1867,TUF1,2,0
1868,TUP1,2,0
1869,TWF1,2,0
1870,TYS1,2,0
1871,UBA1,2,0
1872,UBA2,2,0
1873,UBC1,2,0
1874,UBC12,2,0
1875,UBC13,2,0
1876,UBC4,2,0
1877,UBC5,2,0
1878,UBC6,2,0
1879,UBC7,1,1
1880,UBC9,1,1
1881,UBI4,2,0
1882,UBP10,1,1
1883,UBP15,2,0
1884,UBP2,2,0
1885,UBP3,2,0
1886,UBP6,2,0
1887,UBP7,2,0
1888,UBP8,2,0
1889,UBR1,2,0
1890,UBR2,1,1
1891,UBX2,2,0
1892,UBX3,2,0
1893,UBX4,2,0
1894,UBX5,2,0
1895,UBX6,2,0
1896,UBX7,1,1
1897,UFD1,2,0
1898,UFD2,2,0
1899,UFD4,1,1
1900,UFE1,1,1
1901,UFO1,2,0
1902,UGO1,2,0
1903,ULP1,2,0
1904,ULP2,2,0
1905,ULS1,2,0
1906,UME1,2,0
1907,UME6,2,0
1908,UMP1,2,0
1909,UPF3,2,0
1910,UPS1,2,0
1911,UPS2,2,0
1912,URA2,2,0
1913,URA7,2,0
1914,URB1,2,0
1915,URB2,2,0
1916,URE2,1,1
1917,URN1,2,0
1918,USA1,2,0
1919,USE1,2,0
1920,UTP10,2,0
1921,UTP13,2,0
1922,UTP14,2,0
1923,UTP15,2,0
1924,UTP18,1,1
1925,UTP20,2,0
1926,UTP21,2,0
1927,UTP22,2,0
1928,UTP25,2,0
1929,UTP30,2,0
1930,UTP4,2,0
1931,UTP5,1,1
1932,UTP6,2,0
1933,UTP7,2,0
1934,UTP8,2,0
1935,UTP9,2,0
1936,VAC17,2,0
1937,VAC8,2,0
1938,VAM3,1,1
1939,VAM6,2,0
1940,VAM7,2,0
1941,VFA1,2,0
1942,VHS3,1,1
1943,VIK1,2,0
1944,VIP1,2,0
1945,VMA1,2,0
1946,VMA10,2,0
1947,VMA11,2,0
1948,VMA13,2,0
1949,VMA2,2,0
1950,VMA21,2,0
1951,VMA22,2,0
1952,VMA3,2,0
1953,VMA4,2,0
1954,VMA5,2,0
1955,VMA6,2,0
1956,VMA7,2,0
1957,VMA8,1,1
1958,VMS1,2,0
1959,VPH1,2,0
1960,VPS1,2,0
1961,VPS16,2,0
1962,VPS17,2,0
1963,VPS20,2,0
1964,VPS21,2,0
1965,VPS24,2,0
1966,VPS25,2,0
1967,VPS27,2,0
1968,VPS28,2,0
1969,VPS29,2,0
1970,VPS3,2,0
1971,VPS33,1,1
1972,VPS35,2,0
1973,VPS36,2,0
1974,VPS4,2,0
1975,VPS41,1,1
1976,VPS45,2,0
1977,VPS5,2,0
1978,VPS51,2,0
1979,VPS52,2,0
1980,VPS53,2,0
1981,VPS54,2,0
1982,VPS60,2,0
1983,VPS71,1,1
1984,VPS72,2,0
1985,VPS75,2,0
1986,VPS8,2,0
1987,VPS9,2,0
1988,VRP1,2,0
1989,VTA1,2,0
1990,VTI1,2,0
1991,WHI3,2,0
1992,WHI5,2,0
1993,WIP1,2,0
1994,WSS1,2,0
1995,WTM1,2,0
1996,WTM2,2,0
1997,XDJ1,2,0
1998,XPT1,2,0
1999,XRN1,2,0
2000,XRS2,2,0
2001,YAF9,2,0
2002,YAK1,2,0
2003,YAP1,2,0
2004,YAP1801,1,1
2005,YAR1,2,0
2006,YBL059W,1,1
2007,YBP1,2,0
2008,YCK3,2,0
2009,YCR075W-A,2,0
2010,YDJ1,2,0
2011,YDL183C,2,0
2012,YDR115W,2,0
2013,YDR131C,2,0
2014,YDR286C,2,0
2015,YEN1,2,0
2016,YFH7,2,0
2017,YGR021W,1,1
2018,YGR042W,2,0
2019,YGR161W-C,1,1
2020,YHC1,2,0
2021,YIF1,1,1
2022,YIP1,2,0
2023,YJL049W,2,0
2024,YJR084W,2,0
2025,YJU2,2,0
2026,YKE2,2,0
2027,YKT6,1,1
2028,YKU70,2,0
2029,YKU80,2,0
2030,YLF2,2,0
2031,YLR352W,2,0
2032,YML6,2,0
2033,YMR166C,2,0
2034,YNG1,2,0
2035,YNG2,2,0
2036,YNL122C,1,1
2037,YOS9,2,0
2038,YOX1,2,0
2039,YPD1,1,1
2040,YPI1,2,0
2041,YPK1,2,0
2042,YPK2,1,1
2043,YPT1,2,0
2044,YPT10,2,0
2045,YPT11,2,0
2046,YPT31,1,1
2047,YPT32,2,0
2048,YPT52,2,0
2049,YPT53,2,0
2050,YPT6,2,0
2051,YPT7,2,0
2052,YRA1,2,0
2053,YRB1,2,0
2054,YRB2,2,0
2055,YSC84,2,0
2056,YSH1,2,0
2057,YTA7,1,1
2058,YTH1,2,0
2059,YTM1,1,1
2060,YVH1,2,0
2061,ZDS1,1,1
2062,ZDS2,2,0
2063,ZIM17,2,0
2064,ZUO1,2,0
2065,snR6,2,0
